city,title,price,location,beds,baths,area,added,url
Lahore,2-Kanal Ultra-Luxury Designer Fully Furnished With Basement House With Private Pool & Cinema & Playing Area For Sale At Top Location Close To Raya Masjid,PKR 53.5 Crore,"DHA Phase 6, DHA Defence",6,7,2 Kanal,Added: 1 hour ago,https://www.zameen.com/Property/dha_defence_dha_phase_6_2-kanal_ultra-luxury_designer_fully_furnished_with_basement_house_with_private_pool_cinema_playing_area_for_sale_at_top_location_close_to_raya_masjid-54146460-1448-1.html
Lahore,1 Kanal Brand New Architectural Masterpiece Spanish House For Sale | DHA Phase 7,PKR 8.72 Crore,"DHA Phase 7 - Block Y, DHA Phase 7",5,6,1 Kanal,Added: 2 hours ago,https://www.zameen.com/Property/dha_phase_7_dha_phase_7_-_block_y_1_kanal_brand_new_architectural_masterpiece_spanish_house_for_sale_dha_phase_7-54707045-1632-1.html
Lahore,1 KANAL HOUSE + 1 KANAL LAWN CORNER BRAND NEW MODERN HOUSE FOR SALE IN DHA PHASE 6,PKR 16.95 Crore,"DHA Phase 6, DHA Defence",6,7,2 Kanal,Added: 2 hours ago,https://www.zameen.com/Property/dha_defence_dha_phase_6_1_kanal_house_1_kanal_lawn_corner_brand_new_modern_house_for_sale_in_dha_phase_6-54733857-1448-1.html
Lahore,5 Marla Brand New Luxury Ultra Modern Style Super Hot Location All Original Picture Attached With Direct Owner Available For Sale In Johar Town Phase 2.,PKR 3.85 Crore,"Johar Town Phase 2, Johar Town",5,6,5 Marla,Added: 3 hours ago,https://www.zameen.com/Property/johar_town_johar_town_phase_2_5_marla_brand_new_luxury_ultra_modern_style_super_hot_location_all_original_picture_attached_with_direct_owner_available_for_sale_in_johar_town_phase_2-54779040-3961-1.html
Lahore,16 Kanal Farm House Hudiara Barki Road FOR SALE,PKR 15 Crore,"Barki Road, Cantt",6,6,16 Kanal,Added: 3 hours ago,https://www.zameen.com/Property/cantt_barki_road_16_kanal_farm_house_hudiara_barki_road_for_sale-54693864-8147-1.html
Lahore,On Excellent Location 10 Kanal Farm House In Central Barki Road For sale,PKR 19 Crore,"Barki Road, Cantt",,,10 Kanal,Added: 4 minutes ago,https://www.zameen.com/Property/cantt_barki_road_on_excellent_location_10_kanal_farm_house_in_central_barki_road_for_sale-54451039-8147-1.html
Lahore,Good 20 Kanal Farm House For sale In Barki Road,PKR 14 Crore,"Barki Road, Cantt",4,5,20 Kanal,Added: 6 minutes ago,https://www.zameen.com/Property/cantt_barki_road_good_20_kanal_farm_house_for_sale_in_barki_road-54374154-8147-1.html
Lahore,Good Location 1 Kanal Farm House In Cantt Of Lahore Is Available For Sale,PKR 88 Lakh,"Lahore Organic Farms, Barki Road",,,1 Kanal,Added: 9 minutes ago,https://www.zameen.com/Property/barki_road_lahore_organic_farms_good_location_1_kanal_farm_house_in_cantt_of_lahore_is_available_for_sale-54451167-22180-1.html
Lahore,DHA RAHBAR FIVE MARLA BRAND NEW HOUSE ON 100 FT WIDE ROAD IS AVAILABLE FOR SALE,PKR 3.3 Crore,"DHA 11 Rahbar, Lahore",3,4,5 Marla,Added: 1 hour ago,https://www.zameen.com/Property/lahore_dha_11_rahbar_dha_rahbar_five_marla_brand_new_house_on_100_ft_wide_road_is_available_for_sale-54714225-1410-1.html
Lahore,1 Kanal Double Unit House at 10 Marla Price | Full Basement | DHA Lahore,PKR 9.5 Crore,"DHA Phase 7, DHA Defence",8,7,1 Kanal,Added: 1 hour ago,https://www.zameen.com/Property/dha_defence_dha_phase_7_1_kanal_double_unit_house_at_10_marla_price_full_basement_dha_lahore-54763652-1450-1.html
Lahore,3 Years Installment Plan Luxury 1.5 Storey 5 Marla Brand New House In Park View City Lahore,PKR 1.5 Crore,"Park View City, Lahore",3,2,5 Marla,Added: 3 minutes ago,https://www.zameen.com/Property/lahore_park_view_city_3_years_installment_plan_luxury_1_5_storey_5_marla_brand_new_house_in_park_view_city_lahore-54684398-1466-1.html
Lahore,5 Marla Most Luxuries Ultra Modern House For Sale In DHA Phase 9 TOWN Near Park & Commercial,PKR 2.75 Crore,"DHA 9 Town, DHA Defence",3,4,5 Marla,Added: 53 minutes ago,https://www.zameen.com/Property/dha_defence_dha_9_town_5_marla_most_luxuries_ultra_modern_house_for_sale_in_dha_phase_9_town_near_park_commercial-54661126-1452-1.html
Lahore,A Beautiful Dream House Hot Location Prime Location,PKR 1.05 Crore,"Fahad Town, GT Road",7,4,5 Marla,Added: 3 minutes ago,https://www.zameen.com/Property/gt_road_fahad_town_a_beautiful_dream_house_hot_location_prime_location-54337129-13915-1.html
Lahore,3 Marla Luxury House Available Investor Rate Opposite Lake City,PKR 1.12 Crore,"Al-Kabir Town - Phase 2, Al-Kabir Town",4,4,3 Marla,Added: 3 minutes ago,https://www.zameen.com/Property/al_kabir_town_al-kabir_town_-_phase_2_3_marla_luxury_house_available_investor_rate_opposite_lake_city-54489829-11704-1.html
Lahore,"5 Marla Ultra-Luxury 4-Bedroom House For Sale Tulip Overseas Block, Park View City Lahore",PKR 2.25 Crore,"Park View City - Tulip Overseas, Park View City",4,4,5 Marla,Added: 5 minutes ago,https://www.zameen.com/Property/park_view_city_park_view_city_-_tulip_overseas_5_marla_ultra-luxury_4-bedroom_house_for_sale_tulip_overseas_block_park_view_city_lahore-54318538-13754-1.html
Lahore,"5 Marla Ultra-Luxury 4-Bedroom House For Sale Near Park, Park View City Lahore",PKR 1.55 Crore,"Park View City - Platinum Block, Park View City",4,4,5 Marla,Added: 5 minutes ago,https://www.zameen.com/Property/park_view_city_park_view_city_-_platinum_block_5_marla_ultra-luxury_4-bedroom_house_for_sale_near_park_park_view_city_lahore-54284095-16617-1.html
Lahore,Prime Location 32 Kanal Farm House In Beautiful Location Of Barki Road In Lahore,PKR 22 Crore,"Barki Road, Cantt",,,32 Kanal,Added: 5 minutes ago,https://www.zameen.com/Property/cantt_barki_road_prime_location_32_kanal_farm_house_in_beautiful_location_of_barki_road_in_lahore-54451189-8147-1.html
Lahore,ULTRA MODERN DESIGN HOUSE FOR SALE IN DHA PHASE 7 NEAR TO RAYA GOLF CLUB FACING PARK,PKR 6.85 Crore,"DHA Phase 7 - Block Y, DHA Phase 7",5,6,1 Kanal,Added: 2 minutes ago,https://www.zameen.com/Property/dha_phase_7_dha_phase_7_-_block_y_ultra_modern_design_house_for_sale_in_dha_phase_7_near_to_raya_golf_club_facing_park-54746177-1632-1.html
Lahore,1 Kanal Classic Villa For Sale In DHA Phase 7 Lahore,PKR 7.19 Crore,"DHA Phase 7, DHA Defence",5,6,1 Kanal,Added: 2 minutes ago,https://www.zameen.com/Property/dha_defence_dha_phase_7_1_kanal_classic_villa_for_sale_in_dha_phase_7_lahore-54753837-1450-1.html
Lahore,1 Kanal Magnificent Ultra Modern Double Height Lobby Bungalow For Sale Near To |Raya Fairways Commercial,PKR 7.15 Crore,"DHA Phase 7 - Block Z, DHA Phase 7",5,6,1 Kanal,Added: 3 minutes ago,https://www.zameen.com/Property/dha_phase_7_dha_phase_7_-_block_z_1_kanal_magnificent_ultra_modern_double_height_lobby_bungalow_for_sale_near_to_raya_fairways_commercial-54768433-9424-1.html
Lahore,1 KANAL ULTRA MODERN DESIGN HOUSE FOR SALE IN DHA PHASE 7 NEAR TO RAYA GOLF CLUB FACING PARK,PKR 7.35 Crore,"DHA Phase 7 - Block U, DHA Phase 7",5,6,1 Kanal,Added: 3 minutes ago,https://www.zameen.com/Property/dha_phase_7_dha_phase_7_-_block_u_1_kanal_ultra_modern_design_house_for_sale_in_dha_phase_7_near_to_raya_golf_club_facing_park-54768432-1628-1.html
Lahore,Mazhar Munir Design 01 Kanal Ultra Modern Bungalow For Sale In DHA Lahore,PKR 7.39 Crore,"DHA Phase 7, DHA Defence",5,6,1 Kanal,Added: 3 minutes ago,https://www.zameen.com/Property/dha_defence_dha_phase_7_mazhar_munir_design_01_kanal_ultra_modern_bungalow_for_sale_in_dha_lahore-54763424-1450-1.html
Lahore,3 Years Installment Plan Luxury 5 Marla Brand New House In Park View City Lahore,PKR 1.8 Crore,"Park View City, Lahore",4,5,5 Marla,Added: 4 minutes ago,https://www.zameen.com/Property/lahore_park_view_city_3_years_installment_plan_luxury_5_marla_brand_new_house_in_park_view_city_lahore-54732422-1466-1.html
Lahore,3 Years Installment Plan Luxury 5 Marla Brand New House In Park View City Lahore,PKR 2.3 Crore,"Park View City, Lahore",4,5,5 Marla,Added: 4 minutes ago,https://www.zameen.com/Property/lahore_park_view_city_3_years_installment_plan_luxury_5_marla_brand_new_house_in_park_view_city_lahore-54732926-1466-1.html
Lahore,3 Years Installment Plan Luxury 1.5 Story 5 Marla Brand New House In Park View City Lahore,PKR 1.5 Crore,"Park View City, Lahore",3,2,5 Marla,Added: 4 minutes ago,https://www.zameen.com/Property/lahore_park_view_city_3_years_installment_plan_luxury_1_5_story_5_marla_brand_new_house_in_park_view_city_lahore-54732937-1466-1.html
Lahore,30 Marla Top Quality Build Luxurious Beautiful Modern Design Villa Full Furnished With Basement 15 Kv Solar Installed For Sale In DHA Lahore Phase 7 Prime Location,PKR 11.65 Crore,"DHA Phase 7, DHA Defence",6,6,1.5 Kanal,Added: 4 hours ago,https://www.zameen.com/Property/dha_defence_dha_phase_7_30_marla_top_quality_build_luxurious_beautiful_modern_design_villa_full_furnished_with_basement_15_kv_solar_installed_for_sale_in_dha_lahore_phase_7_prime_location-52658854-1450-1.html
Lahore,5 Marla Adorable Bungalow On Top Location For Sale In DHA Phase 9 Town Lahore,PKR 2.75 Crore,"DHA 9 Town - Block A, DHA 9 Town",3,4,5 Marla,Added: 5 hours ago,https://www.zameen.com/Property/dha_9_town_dha_9_town_-_block_a_5_marla_adorable_bungalow_on_top_location_for_sale_in_dha_phase_9_town_lahore-54380667-8173-1.html
Lahore,Near MacDonald And Park 10 Marla Full Basement Modern Design Luxury Living Villa for Sale,PKR 5 Crore,"DHA Phase 7, DHA Defence",4,5,10 Marla,Added: 5 hours ago,https://www.zameen.com/Property/dha_defence_dha_phase_7_near_macdonald_and_park_10_marla_full_basement_modern_design_luxury_living_villa_for_sale-54724837-1450-1.html
Lahore,"2 Kanal Used Modern Design Most Beautiful Bungalow . DHA Phase 1 - Block M, DHA Phase 1, DHA Defence, Lahore, Punjab",PKR 18 Crore,"DHA Phase 1 - Block L, DHA Phase 1",7,7,2 Kanal,Added: 5 hours ago,https://www.zameen.com/Property/dha_phase_1_dha_phase_1_-_block_l_2_kanal_used_modern_design_most_beautiful_bungalow_dha_phase_1_-_block_m_dha_phase_1_dha_defence_lahore_punjab-54673323-1652-1.html
Lahore,Ultra Luxury 2027 Designed Brand New House For Sale At Top Location Close To Raya Macdonald Park,PKR 15.75 Crore,"DHA Phase 7, DHA Defence",5,6,1 Kanal,Added: 5 hours ago,https://www.zameen.com/Property/dha_defence_dha_phase_7_ultra_luxury_2027_designed_brand_new_house_for_sale_at_top_location_close_to_raya_macdonald_park-49802554-1450-1.html
Lahore,"10 Marla Double Story Luxury House For Sale LDA Avenue One, Lahore",PKR 4.5 Crore,"LDA Avenue - Block J, LDA Avenue",6,6,10 Marla,Added: 2 hours ago,https://www.zameen.com/Property/lda_avenue_lda_avenue_-_block_j_10_marla_double_story_luxury_house_for_sale_lda_avenue_one_lahore-54704823-8167-1.html
Lahore,10 Marla Brand-New Luxury Triple-Storey 7-Bed House For Sale In M Block LDA Avenue One Lahore,PKR 4 Crore,"LDA Avenue - Block J, LDA Avenue",7,7,10 Marla,Added: 2 hours ago,https://www.zameen.com/Property/lda_avenue_lda_avenue_-_block_j_10_marla_brand-new_luxury_triple-storey_7-bed_house_for_sale_in_m_block_lda_avenue_one_lahore-54704620-8167-1.html
Lahore,Brand New 3 Marlas House For Sale In Al Kabir Town PH 2 Block C,PKR 1.75 Crore,"Al-Kabir Phase 2 - Block C, Al-Kabir Town - Phase 2",3,4,3 Marla,Added: 2 hours ago,https://www.zameen.com/Property/al_kabir_town_phase_2_al-kabir_phase_2_-_block_c_brand_new_3_marlas_house_for_sale_in_al_kabir_town_ph_2_block_c-54766607-11707-1.html
Lahore,100% Original Picture DHA Phase 9 Town 5 Marla Ultra Modern House For Sale,PKR 2.9 Crore,"DHA 9 Town, DHA Defence",3,4,5 Marla,Added: 3 hours ago,https://www.zameen.com/Property/dha_defence_dha_9_town_100_original_picture_dha_phase_9_town_5_marla_ultra_modern_house_for_sale-54776879-1452-1.html
Lahore,5 Marla Most Beautiful House Available For Sale In Dha Lahore,PKR 2.54 Crore,"DHA 9 Town, DHA Defence",3,4,5 Marla,Added: 3 hours ago,https://www.zameen.com/Property/dha_defence_dha_9_town_5_marla_most_beautiful_house_available_for_sale_in_dha_lahore-53173692-1452-1.html
Lahore,2-Kanal Mazhar Muneer Design 7 Bed Full Basement with Pool & Home Theater AT Top Location Near Dolmen Mall,PKR 37 Crore,"DHA Phase 6 - Block E, DHA Phase 6",7,7,2 Kanal,Added: 1 hour ago,https://www.zameen.com/Property/dha_phase_6_dha_phase_6_-_block_e_2-kanal_mazhar_muneer_design_7_bed_full_basement_with_pool_home_theater_at_top_location_near_dolmen_mall-54146143-1614-1.html
Lahore,Remarkable Architecture. Extraordinary Interiors. Fully Furnished Architectural Statement In DHA Phase 7,PKR 19 Crore,"DHA Phase 7, DHA Defence",5,7,1 Kanal,Added: 2 hours ago,https://www.zameen.com/Property/dha_defence_dha_phase_7_remarkable_architecture_extraordinary_interiors_fully_furnished_architectural_statement_in_dha_phase_7-54775233-1450-1.html
Lahore,A Beautiful Dream House Hot Location Brand New House,PKR 57 Lakh,"Manawan, Lahore",3,4,3 Marla,Added: 7 minutes ago,https://www.zameen.com/Property/lahore_manawan_a_beautiful_dream_house_hot_location_brand_new_house-54111008-9282-1.html
Lahore,A Beautiful Dream House Hot Location,PKR 97 Lakh,"Ghous Garden - Phase 4, Ghous Garden",3,4,3 Marla,Added: 8 minutes ago,https://www.zameen.com/Property/ghous_garden_ghous_garden_-_phase_4_a_beautiful_dream_house_hot_location-54337116-12026-1.html
Lahore,"5 Marla Slightly Used House 10Kv Solar System Installed For Sale In Platinum Block Parkview City, Lahore",PKR 1.85 Crore,"Park View City - Platinum Block, Park View City",4,4,5 Marla,Added: 13 minutes ago,https://www.zameen.com/Property/park_view_city_park_view_city_-_platinum_block_5_marla_slightly_used_house_10kv_solar_system_installed_for_sale_in_platinum_block_parkview_city_lahore-54779745-16617-1.html
Lahore,"5 Marla Brand New Double Storey House for Sale DHA Phase 9 Town, Block B. Lahore",PKR 2.65 Crore,"DHA 9 Town, DHA Defence",3,4,5 Marla,Added: 15 minutes ago,https://www.zameen.com/Property/dha_defence_dha_9_town_5_marla_brand_new_double_storey_house_for_sale_dha_phase_9_town_block_b_lahore-54495606-1452-1.html
Lahore,"5 Marla Brand New Double Storey House For Sale DHA Phase 9 Town, Block A, Lahore",PKR 2.75 Crore,"DHA 9 Town, DHA Defence",3,4,5 Marla,Added: 15 minutes ago,https://www.zameen.com/Property/dha_defence_dha_9_town_5_marla_brand_new_double_storey_house_for_sale_dha_phase_9_town_block_a_lahore-54495493-1452-1.html
Lahore,3 Years Installment Plan Luxury 5 Marla Brand New House In Park View City Lahore,PKR 1.6 Crore,"Park View City, Lahore",4,5,5 Marla,Added: 4 minutes ago,https://www.zameen.com/Property/lahore_park_view_city_3_years_installment_plan_luxury_5_marla_brand_new_house_in_park_view_city_lahore-54733868-1466-1.html
Lahore,3 Years Installment Plan Luxury 5 Marla Brand New House In Park View City Lahore,PKR 1.7 Crore,"Park View City, Lahore",4,5,5 Marla,Added: 4 minutes ago,https://www.zameen.com/Property/lahore_park_view_city_3_years_installment_plan_luxury_5_marla_brand_new_house_in_park_view_city_lahore-54733874-1466-1.html
Lahore,3 Years Installment Plan Luxury 5 Marla Brand New House In Park View City Lahore,PKR 1.8 Crore,"Park View City, Lahore",4,5,5 Marla,Added: 5 minutes ago,https://www.zameen.com/Property/lahore_park_view_city_3_years_installment_plan_luxury_5_marla_brand_new_house_in_park_view_city_lahore-54734140-1466-1.html
Lahore,1 Kanal Brand New Ultra Modern Luxurious Bungalow For Sale,PKR 8.75 Crore,"DHA Phase 7, DHA Defence",5,6,1 Kanal,Added: 17 minutes ago,https://www.zameen.com/Property/dha_defence_dha_phase_7_1_kanal_brand_new_ultra_modern_luxurious_bungalow_for_sale-52392724-1450-1.html
Lahore,100 Percent Original Pictures Top Of Line 1 Kanal Full Furnished Victorian Bungalow Available For Sale In DHA Phase 7,PKR 8.5 Crore,"DHA Phase 7 - Block T, DHA Phase 7",5,6,1 Kanal,Added: 17 minutes ago,https://www.zameen.com/Property/dha_phase_7_dha_phase_7_-_block_t_100_percent_original_pictures_top_of_line_1_kanal_full_furnished_victorian_bungalow_available_for_sale_in_dha_phase_7-52399591-1627-1.html
Lahore,"6 KV Solar 5 Marla Brand New House with WAPDA for Sale in BB Block, Central Park Lahore",PKR 2.7 Crore,"Central Park - Block BB, Central Park Housing Scheme",4,4,5 Marla,Added: 17 minutes ago,https://www.zameen.com/Property/central_park_housing_scheme_central_park_-_block_bb_6_kv_solar_5_marla_brand_new_house_with_wapda_for_sale_in_bb_block_central_park_lahore-54774450-20731-1.html
Lahore,1 Kanal Most Luxury Beautiful Design Bungalow For Sale By Mansoor Nabi Architect,PKR 7.5 Crore,"DHA Phase 7, DHA Defence",5,6,1 Kanal,Added: 17 minutes ago,https://www.zameen.com/Property/dha_defence_dha_phase_7_1_kanal_most_luxury_beautiful_design_bungalow_for_sale_by_mansoor_nabi_architect-53315873-1450-1.html
Lahore,Victorian Design 01 Kanal Most Luxurious Bungalow For Sale In DHA Phase 7,PKR 7.25 Crore,"DHA Phase 7 - Block T, DHA Phase 7",5,6,1 Kanal,Added: 17 minutes ago,https://www.zameen.com/Property/dha_phase_7_dha_phase_7_-_block_t_victorian_design_01_kanal_most_luxurious_bungalow_for_sale_in_dha_phase_7-54592630-1627-1.html
Lahore,"1 Kanal House For Sale Lake City Meadows (Near DHA Phase 5) 1 Kanal brand new luxury house available for sale in prime location of Lake City Meadows, Lahore.",PKR 7.5 Crore,"Lake City Meadows Phase 1 - Block B, Lake City Meadows Phase 1",5,6,1 Kanal,Added: 5 hours ago,https://www.zameen.com/Property/lake_city_meadows_phase_1_lake_city_meadows_phase_1_-_block_b_1_kanal_house_for_sale_lake_city_meadows_near_dha_phase_5_1_kanal_brand_new_luxury_house_available_for_sale_in_prime_location_of_lake_city_meadows_lahore-54721400-4192-1.html
Lahore,Near To Mosque House Sized 5 Marla In Park View City,PKR 1.65 Crore,"Park View City, Lahore",4,4,5 Marla,Added: 5 hours ago,https://www.zameen.com/Property/lahore_park_view_city_near_to_mosque_house_sized_5_marla_in_park_view_city-54691947-1466-1.html
Lahore,*3 MARLA TRIPLE-STORY HOUSE FOR SALE KBC*,PKR 1.5 Crore,"Khuda Buksh Colony, Cantt",5,6,3 Marla,Added: 6 hours ago,https://www.zameen.com/Property/cantt_khuda_buksh_colony_3_marla_triple-story_house_for_sale_kbc-54778733-3672-1.html
Lahore,Prime Location 20 Marla House For Sale In Lahore,PKR 17 Crore,"DHA Phase 8 - Block V, DHA Phase 8",7,6,1 Kanal,Added: 6 hours ago,https://www.zameen.com/Property/dha_phase_8_dha_phase_8_-_block_v_prime_location_20_marla_house_for_sale_in_lahore-54776646-1637-1.html
Lahore,KANAL ULTRA MODERN FULLY FURNISHED BUNGALOW FOR Sale PHASE 7 NEAR RAYA FAIRWAYS COMMERCIAL,PKR 19 Crore,"DHA Phase 7 - Block R, DHA Phase 7",5,6,1 Kanal,Added: 6 hours ago,https://www.zameen.com/Property/dha_phase_7_dha_phase_7_-_block_r_kanal_ultra_modern_fully_furnished_bungalow_for_sale_phase_7_near_raya_fairways_commercial-54607393-1625-1.html
Lahore,Near To Mosque One Kanal Brand New Luxury Ultra-Modern Bungalow For Sale In DHA Phase 6,PKR 12.25 Crore,"DHA Phase 6, DHA Defence",5,7,1 Kanal,Added: 4 hours ago,https://www.zameen.com/Property/dha_defence_dha_phase_6_near_to_mosque_one_kanal_brand_new_luxury_ultra-modern_bungalow_for_sale_in_dha_phase_6-54421976-1448-1.html
Lahore,16 Marla House For Sale Available In Valencia Housing Society Lahore Facing Road 80 Foot Bijali Pani Gas Available,PKR 5.5 Crore,"Valencia Housing Society, Lahore",5,6,16 Marla,Added: 4 hours ago,https://www.zameen.com/Property/lahore_valencia_housing_society_16_marla_house_for_sale_available_in_valencia_housing_society_lahore_facing_road_80_foot_bijali_pani_gas_available-54420164-373-1.html
Lahore,1 Kanal Brand New Luxury House For Sale Available In Valencia Town Housing Society In Lahore Bijli Pani Available,PKR 7.6 Crore,"Valencia Housing Society, Lahore",5,6,1 Kanal,Added: 4 hours ago,https://www.zameen.com/Property/lahore_valencia_housing_society_1_kanal_brand_new_luxury_house_for_sale_available_in_valencia_town_housing_society_in_lahore_bijli_pani_available-54483883-373-1.html
Lahore,ONE BED LUXURIOUS FURNISHED APARTMENT FOR SALE AT BAHRIA TOWN LAHORE,PKR 45 Lakh,"Bahria Town - Sector E, Bahria Town",1,1,2.2 Marla,Added: 4 hours ago,https://www.zameen.com/Property/bahria_town_bahria_town_-_sector_e_one_bed_luxurious_furnished_apartment_for_sale_at_bahria_town_lahore-54778673-1802-1.html
Lahore,Next To Park Ideal Location Nears Masjid 10 Marla House Available For Sale In DHA Phase 1 P Block,PKR 4 Crore,"DHA Phase 1 - Block P, DHA Phase 1",3,4,10 Marla,Added: 4 hours ago,https://www.zameen.com/Property/dha_phase_1_dha_phase_1_-_block_p_next_to_park_ideal_location_nears_masjid_10_marla_house_available_for_sale_in_dha_phase_1_p_block-54677047-1655-1.html
Lahore,1 Kanal Brand New Elegant Modern House For Sale | DHA Phase 7 Lahore,PKR 9.15 Crore,"DHA Phase 7, DHA Defence",5,6,1 Kanal,Added: 2 hours ago,https://www.zameen.com/Property/dha_defence_dha_phase_7_1_kanal_brand_new_elegant_modern_house_for_sale_dha_phase_7_lahore-54707043-1450-1.html
Lahore,607 Sqft Brand New Luxury Modern Style Facing Canal Near Doctor Hospital on Easy Installment 2 Years plan Available For Sale in 20 G1 Johar Town Lhr,PKR 1.58 Crore,"Bahria Town - Overseas A, Bahria Town - Overseas Enclave",1,1,2.7 Marla,Added: 2 hours ago,https://www.zameen.com/Property/bahria_town_overseas_enclave_bahria_town_-_overseas_a_607_sqft_brand_new_luxury_modern_style_facing_canal_near_doctor_hospital_on_easy_installment_2_years_plan_available_for_sale_in_20_g1_johar_town_lhr-54775190-1812-1.html
Lahore,5 Marla Luxury Designer House for Sale in DHA Phase 9 Town | Prime Location | Brand New,PKR 3.25 Crore,"DHA 9 Town, DHA Defence",3,5,5 Marla,Added: 15 minutes ago,https://www.zameen.com/Property/dha_defence_dha_9_town_5_marla_luxury_designer_house_for_sale_in_dha_phase_9_town_prime_location_brand_new-54474289-1452-1.html
Lahore,"5 Marla Brand New Double Storey House for Sale DHA Phase 9 Town, Lahore",PKR 2.72 Crore,"DHA 9 Town, DHA Defence",3,4,5 Marla,Added: 16 minutes ago,https://www.zameen.com/Property/dha_defence_dha_9_town_5_marla_brand_new_double_storey_house_for_sale_dha_phase_9_town_lahore-54534532-1452-1.html
Lahore,Full Basement With Home Theatre 1 Kanal Most Beautiful Design Bungalow For Sale At Prime Location Near To Dha Raya,PKR 9 Crore,"DHA Phase 6, DHA Defence",6,7,1 Kanal,Added: 17 minutes ago,https://www.zameen.com/Property/dha_defence_dha_phase_6_full_basement_with_home_theatre_1_kanal_most_beautiful_design_bungalow_for_sale_at_prime_location_near_to_dha_raya-52770332-1448-1.html
Lahore,Most Beautiful One Kanal Modern Design Luxury Bungalow For Sale In Dha Phase 7,PKR 8.95 Crore,"DHA Phase 7 - Block S, DHA Phase 7",5,6,1 Kanal,Added: 18 minutes ago,https://www.zameen.com/Property/dha_phase_7_dha_phase_7_-_block_s_most_beautiful_one_kanal_modern_design_luxury_bungalow_for_sale_in_dha_phase_7-52608071-1626-1.html
Lahore,Prime Location 1 Kanal Non Furnished Modern Design 6 Bedrooms Bungalow For Sale In Eden City Lahore,PKR 7.35 Crore,"Eden City, Eden",6,7,1 Kanal,Added: 20 minutes ago,https://www.zameen.com/Property/eden_eden_city_prime_location_1_kanal_non_furnished_modern_design_6_bedrooms_bungalow_for_sale_in_eden_city_lahore-54687410-409-1.html
Lahore,"GOLDEN OPPORTUNITY | LUXURY APARTMENTS ON EASY INSTALLMENTS* *Askari 11, Lahore | Offered by: Housing Directorate & Spring Field Developers",PKR 6.01 Crore,"Askari 11, Askari",3,3,13.4 Marla,Added: 19 minutes ago,https://www.zameen.com/Property/askari_askari_11_golden_opportunity_luxury_apartments_on_easy_installments_askari_11_lahore_offered_by_housing_directorate_spring_field_developers-54762234-1503-1.html
Lahore,"Brand New 8 Marla House For Sale In Y Block, DHA Phase 8 Lahore",PKR 3.75 Crore,"DHA Phase 8 - Block Y, DHA Phase 8",4,4,8 Marla,Added: 19 minutes ago,https://www.zameen.com/Property/dha_phase_8_dha_phase_8_-_block_y_brand_new_8_marla_house_for_sale_in_y_block_dha_phase_8_lahore-54669929-1640-1.html
Lahore,Outclass Location 1 Kanal Modern Luxury Design Bungalow 5 Bedrooms For Sale In Dha Phase 7 Lahore,PKR 10 Crore,"DHA Phase 7, DHA Defence",5,6,1 Kanal,Added: 20 minutes ago,https://www.zameen.com/Property/dha_defence_dha_phase_7_outclass_location_1_kanal_modern_luxury_design_bungalow_5_bedrooms_for_sale_in_dha_phase_7_lahore-54679586-1450-1.html
Lahore,"Brand New 1 Kanal House With 2 Servant Quarters For Sale In R Block, DHA Phase 7 Lahore",PKR 9.5 Crore,"DHA Phase 7 - Block R, DHA Phase 7",5,5,1 Kanal,Added: 20 minutes ago,https://www.zameen.com/Property/dha_phase_7_dha_phase_7_-_block_r_brand_new_1_kanal_house_with_2_servant_quarters_for_sale_in_r_block_dha_phase_7_lahore-54753172-1625-1.html
Lahore,"2 Kanal Ultra-Luxury Fully Furnished by Holzin Home with a Full Entertainment Basement for Sale in E Block, DHA Phase 6 Lahore",PKR 56 Crore,"DHA Phase 6 - Block E, DHA Phase 6",6,7,2 Kanal,Added: 20 minutes ago,https://www.zameen.com/Property/dha_phase_6_dha_phase_6_-_block_e_2_kanal_ultra-luxury_fully_furnished_by_holzin_home_with_a_full_entertainment_basement_for_sale_in_e_block_dha_phase_6_lahore-54753515-1614-1.html
Lahore,"Brand New 5 Marla Furnished House For Sale In Tulip Overseas Block, Park View City Lahore",PKR 2.1 Crore,"Park View City - Tulip Overseas, Park View City",4,4,5 Marla,Added: 22 minutes ago,https://www.zameen.com/Property/park_view_city_park_view_city_-_tulip_overseas_brand_new_5_marla_furnished_house_for_sale_in_tulip_overseas_block_park_view_city_lahore-54754734-13754-1.html
Lahore,"5 Marla Single-Story Gray Structure House for Sale in Crystal Block, Park View City, Lahore",PKR 1.15 Crore,"Park View City - Crystal Block, Park View City",2,2,5 Marla,Added: 22 minutes ago,https://www.zameen.com/Property/park_view_city_park_view_city_-_crystal_block_5_marla_single-story_gray_structure_house_for_sale_in_crystal_block_park_view_city_lahore-54754707-17960-1.html
Lahore,"BRAND NEW LUXURY HOUSE WITH BAR-B Q TOP AT HOT LOCATION ON 60 FT ROAD NEAR MARKET ,MASJID AND PARK AVAILABLE FOR SALE",PKR 4.65 Crore,"LDA Avenue, Lahore",7,,10 Marla,Added: 24 minutes ago,https://www.zameen.com/Property/lahore_lda_avenue_brand_new_luxury_house_with_bar-b_q_top_at_hot_location_on_60_ft_road_near_market_masjid_and_park_available_for_sale-54651511-547-1.html
Lahore,CORNER 1 KANAL HOUSE FOR SALE IN DHA PHASE 7 LAHORE NEAR MCDONALDS AND IT CITY,PKR 7.8 Crore,"DHA Phase 7, DHA Defence",5,6,1 Kanal,Added: 6 hours ago,https://www.zameen.com/Property/dha_defence_dha_phase_7_corner_1_kanal_house_for_sale_in_dha_phase_7_lahore_near_mcdonalds_and_it_city-54581094-1450-1.html
Lahore,"1 KANAL | 5-BEDROOM LUXURY HOUSE FOR SALE IN DHA PHASE 7, LAHORE",PKR 9.9 Crore,"DHA Phase 7 - Block U, DHA Phase 7",5,6,1 Kanal,Added: 6 hours ago,https://www.zameen.com/Property/dha_phase_7_dha_phase_7_-_block_u_1_kanal_5-bedroom_luxury_house_for_sale_in_dha_phase_7_lahore-54700180-1628-1.html
Lahore,1 KANAL LUXURY HOUSE FOR SALE IN DHA LAHORE | MODERN DESIGN | SPACIOUS BEDROOMS | SERVANT QUARTER | AMPLE PARKING | PRIME LOCATION,PKR 16.75 Crore,"DHA Phase 7 - Block V, DHA Phase 7",5,6,1 Kanal,Added: 6 hours ago,https://www.zameen.com/Property/dha_phase_7_dha_phase_7_-_block_v_1_kanal_luxury_house_for_sale_in_dha_lahore_modern_design_spacious_bedrooms_servant_quarter_ample_parking_prime_location-54755692-1629-1.html
Lahore,5 MARLA BRAND NEW ULTRA MODERN DESIGN HOUSE FOR SALE IN DHA RAHBER,PKR 2.6 Crore,"DHA 11 Rahbar Sector 2, DHA 11 Rahbar",3,3,5 Marla,Added: 6 hours ago,https://www.zameen.com/Property/dha_11_rahbar_dha_11_rahbar_sector_2_5_marla_brand_new_ultra_modern_design_house_for_sale_in_dha_rahber-54680763-3717-1.html
Lahore,1 KANAL BRAND NEW ULTRA MODERN DESIGN HOUSE FOR SALE IN ENGNIEERS TOWN,PKR 7 Crore,"Valencia Housing Society, Lahore",6,6,1 Kanal,Added: 6 hours ago,https://www.zameen.com/Property/lahore_valencia_housing_society_1_kanal_brand_new_ultra_modern_design_house_for_sale_in_engnieers_town-54680792-373-1.html
Lahore,Brand New 4 Marla 4 Bed Triple Storey House For Sale in Ali Park (0335-5779339),PKR 2.45 Crore,"Ali Park, Cantt",4,4,4 Marla,Added: 4 hours ago,https://www.zameen.com/Property/cantt_ali_park_brand_new_4_marla_4_bed_triple_storey_house_for_sale_in_ali_park_0335-5779339-54778946-3089-1.html
Lahore,One Kanal Brand New Modern Ultra Luxury Supreme Location House In DHA Lahore,PKR 14 Crore,"DHA Phase 6, DHA Defence",6,6,1 Kanal,Added: 5 hours ago,https://www.zameen.com/Property/dha_defence_dha_phase_6_one_kanal_brand_new_modern_ultra_luxury_supreme_location_house_in_dha_lahore-54079918-1448-1.html
Lahore,1 Kanal Top Quality Build Luxurious Beautiful Modern Design Villa With Basement For Sale In DHA Lahore Phase 7 Prime Location,PKR 8 Crore,"DHA Phase 7, DHA Defence",5,6,1 Kanal,Added: 5 hours ago,https://www.zameen.com/Property/dha_defence_dha_phase_7_1_kanal_top_quality_build_luxurious_beautiful_modern_design_villa_with_basement_for_sale_in_dha_lahore_phase_7_prime_location-54558690-1450-1.html
Lahore,Brand New 1 Kanal Full Basement House With 8 Bedrooms For Sale In DHA Phase 7 Lahore Prime Location,PKR 10 Crore,"DHA Phase 7, DHA Defence",8,7,1 Kanal,Added: 5 hours ago,https://www.zameen.com/Property/dha_defence_dha_phase_7_brand_new_1_kanal_full_basement_house_with_8_bedrooms_for_sale_in_dha_phase_7_lahore_prime_location-54698062-1450-1.html
Lahore,"10 Marla Owner-Built Slightly Used House With Full Basement In DHA Phase 6, Lahore",PKR 6.98 Crore,"DHA Phase 6 - Block L, DHA Phase 6",5,6,10 Marla,Added: 5 hours ago,https://www.zameen.com/Property/dha_phase_6_dha_phase_6_-_block_l_10_marla_owner-built_slightly_used_house_with_full_basement_in_dha_phase_6_lahore-54719628-1620-1.html
Lahore,607 Sqft Brand New Luxury Modern Style Facing Canal Near Doctor Hospital On Easy Installment 2 Years Plan Available For Sale In 20 G1 Johar Town Lhr,PKR 1.58 Crore,"Defence Raya, DHA Defence",1,1,2.7 Marla,Added: 2 hours ago,https://www.zameen.com/Property/dha_defence_defence_raya_607_sqft_brand_new_luxury_modern_style_facing_canal_near_doctor_hospital_on_easy_installment_2_years_plan_available_for_sale_in_20_g1_johar_town_lhr-54775189-8172-1.html
Lahore,554 Sqft Brand New Luxury Modern Style Facing Canal Near Doctor Hospital on Easy Installment 2 Years plan Available For Sale in 20 G1 Johar Town Lhr,PKR 1.44 Crore,"Etihad Town Phase 1, Etihad Town",1,1,2.5 Marla,Added: 2 hours ago,https://www.zameen.com/Property/etihad_town_etihad_town_phase_1_554_sqft_brand_new_luxury_modern_style_facing_canal_near_doctor_hospital_on_easy_installment_2_years_plan_available_for_sale_in_20_g1_johar_town_lhr-54775165-16882-1.html
Lahore,3 Years Installments Plan 5 Marla Brand New House For Sale In Park View City,PKR 1.8 Crore,"Park View City, Lahore",4,5,5 Marla,Added: 33 minutes ago,https://www.zameen.com/Property/lahore_park_view_city_3_years_installments_plan_5_marla_brand_new_house_for_sale_in_park_view_city-54634024-1466-1.html
Lahore,3 Years Installment Plan Luxury 5 Marla Brand New House In Park View City Lahore,PKR 1.6 Crore,"Park View City, Lahore",4,5,5 Marla,Added: 33 minutes ago,https://www.zameen.com/Property/lahore_park_view_city_3_years_installment_plan_luxury_5_marla_brand_new_house_in_park_view_city_lahore-54598339-1466-1.html
Lahore,10 Marla Modern House For Sale,PKR 3.85 Crore,"Central Park - Block A, Central Park Housing Scheme",5,5,10 Marla,Added: 38 minutes ago,https://www.zameen.com/Property/central_park_housing_scheme_central_park_-_block_a_10_marla_modern_house_for_sale-54710354-3684-1.html
Lahore,5.5 Marla Ultra Modern Luxury House For Sale,PKR 2.75 Crore,"Central Park - Block B, Central Park Housing Scheme",4,4,5 Marla,Added: 38 minutes ago,https://www.zameen.com/Property/central_park_housing_scheme_central_park_-_block_b_5_5_marla_ultra_modern_luxury_house_for_sale-54715721-3685-1.html
Lahore,5 Marla Ultra Modern Luxury House For Sale,PKR 2.2 Crore,"Central Park Housing Scheme, Lahore",4,4,5 Marla,Added: 38 minutes ago,https://www.zameen.com/Property/lahore_central_park_housing_scheme_5_marla_ultra_modern_luxury_house_for_sale-54737859-1013-1.html
Lahore,"Brand New 5 Marla House For Sale In Jade Extension Block, Park View City, Lahore",PKR 2.4 Crore,"Park View City - Jade Extension Block, Park View City",4,4,5 Marla,Added: 24 minutes ago,https://www.zameen.com/Property/park_view_city_park_view_city_-_jade_extension_block_brand_new_5_marla_house_for_sale_in_jade_extension_block_park_view_city_lahore-54565286-16242-1.html
Lahore,"Brand New 5 Marla House for Sale in Executive Block, Park View City, Lahore",PKR 2.45 Crore,"Park View City - Executive Block, Park View City",4,4,5 Marla,Added: 24 minutes ago,https://www.zameen.com/Property/park_view_city_park_view_city_-_executive_block_brand_new_5_marla_house_for_sale_in_executive_block_park_view_city_lahore-54564491-17598-1.html
Lahore,"5 Marla Modern Designed Slightly Used House Without Solar System For Sale In Parkview City, Lahore",PKR 1.9 Crore,"Park View City - Tulip Block, Park View City",4,4,5 Marla,Added: 25 minutes ago,https://www.zameen.com/Property/park_view_city_park_view_city_-_tulip_block_5_marla_modern_designed_slightly_used_house_without_solar_system_for_sale_in_parkview_city_lahore-54779744-8465-1.html
Lahore,"**Prime 10 Marla House For Sale In Park View City, Lahore**",PKR 3.5 Crore,"Park View City, Lahore",5,4,10 Marla,Added: 26 minutes ago,https://www.zameen.com/Property/lahore_park_view_city_prime_10_marla_house_for_sale_in_park_view_city_lahore-53722819-1466-1.html
Lahore,"**5 Marla Luxury House For Sale In Park View City, Lahore. **",PKR 1.6 Crore,"Park View City, Lahore",4,4,5 Marla,Added: 26 minutes ago,https://www.zameen.com/Property/lahore_park_view_city_5_marla_luxury_house_for_sale_in_park_view_city_lahore-53687326-1466-1.html
Lahore,"**Prime 10 Marla House For Sale In Park View City, Lahore**",PKR 4.1 Crore,"Park View City, Lahore",5,4,10 Marla,Added: 26 minutes ago,https://www.zameen.com/Property/lahore_park_view_city_prime_10_marla_house_for_sale_in_park_view_city_lahore-53673993-1466-1.html
Lahore,"Prime 10 Marla House For Sale In Park View City, Lahore",PKR 3.5 Crore,"Park View City, Lahore",5,4,10 Marla,Added: 26 minutes ago,https://www.zameen.com/Property/lahore_park_view_city_prime_10_marla_house_for_sale_in_park_view_city_lahore-53628289-1466-1.html
Lahore,"10 Marla Modern Designed Slightly Used House For Sale In Parkview City, Lahore",PKR 5 Crore,"Park View City - Tulip Extension Block, Park View City",5,5,10 Marla,Added: 27 minutes ago,https://www.zameen.com/Property/park_view_city_park_view_city_-_tulip_extension_block_10_marla_modern_designed_slightly_used_house_for_sale_in_parkview_city_lahore-54779743-16719-1.html
Lahore,Beautiful 5 Bed 15 Marla Brig House available for urgent Sale in Askari 10 Sec-S!,PKR 11 Crore,"Askari 10, Askari",5,6,15 Marla,Added: 6 hours ago,https://www.zameen.com/Property/askari_askari_10_beautiful_5_bed_15_marla_brig_house_available_for_urgent_sale_in_askari_10_sec-s-54778276-1011-1.html
Lahore,5 MARLA BRAND NEE ULTRA MODERN DESIGN HOUSE FOR RENT IN DHA RAHBER,PKR 2.6 Crore,"DHA 11 Rahbar Sector 2, DHA 11 Rahbar",3,3,5 Marla,Added: 6 hours ago,https://www.zameen.com/Property/dha_11_rahbar_dha_11_rahbar_sector_2_5_marla_brand_nee_ultra_modern_design_house_for_rent_in_dha_rahber-54769643-3717-1.html
Lahore,2 Kanal Brand New Victorian Faisal Rasul Design Most Beautiful Full Basement Fully Furnished Home Theater Swimming Pool Gym Bungalow Top Roof Garden For Sale At Prime Location of DHA Lahore Near To Park Masjid & DHA Raya Fairways Commercial,PKR 50 Crore,"DHA Phase 6 - Block K, DHA Phase 6",6,7,2 Kanal,Added: 6 hours ago,https://www.zameen.com/Property/dha_phase_6_dha_phase_6_-_block_k_2_kanal_brand_new_victorian_faisal_rasul_design_most_beautiful_full_basement_fully_furnished_home_theater_swimming_pool_gym_bungalow_top_roof_garden_for_sale_at_prime_location_of_dha_lahore_near_to_park_masjid_dha_raya_fairways_commercial-51999705-1619-1.html
Lahore,X-Shape Beautiful 4 Bed 12 Marla Spacious Apartment For Sale In Askari 10 Sec-S!,PKR 5.25 Crore,"Askari 10, Askari",4,4,12 Marla,Added: 7 hours ago,https://www.zameen.com/Property/askari_askari_10_x-shape_beautiful_4_bed_12_marla_spacious_apartment_for_sale_in_askari_10_sec-s-54724467-1011-1.html
Lahore,NEAR RAYA ELITE LIFESTYLE MODERN 1 KANAL FULL FURNISHED WITH BASMENT SOLER VILLA FOR SALE IN DHA PHASE 7,PKR 8.48 Crore,"DHA Phase 7 - Block W, DHA Phase 7",5,6,1 Kanal,Added: 7 hours ago,https://www.zameen.com/Property/dha_phase_7_dha_phase_7_-_block_w_near_raya_elite_lifestyle_modern_1_kanal_full_furnished_with_basment_soler_villa_for_sale_in_dha_phase_7-53316037-1630-1.html
Lahore,"* ULTRA MODERN 1 KANAL BRAND NEW HOUSE FOR SALE*  * Location: DHA Phase 7, Lahore | Prime Location*",PKR 8.75 Crore,"DHA Phase 7 - Block U, DHA Phase 7",5,6,1 Kanal,Added: 5 hours ago,https://www.zameen.com/Property/dha_phase_7_dha_phase_7_-_block_u_ultra_modern_1_kanal_brand_new_house_for_sale_location_dha_phase_7_lahore_prime_location-54656969-1628-1.html
Lahore,5 Marla Brand New Spanish House For Sale Park View City Lahore,PKR 2 Crore,"Park View City, Lahore",4,4,5 Marla,Added: 5 hours ago,https://www.zameen.com/Property/lahore_park_view_city_5_marla_brand_new_spanish_house_for_sale_park_view_city_lahore-54762238-1466-1.html
Lahore,5 Marla Brand New House For Sale Park View City Lahore,PKR 2.2 Crore,"Park View City, Lahore",4,4,5 Marla,Added: 5 hours ago,https://www.zameen.com/Property/lahore_park_view_city_5_marla_brand_new_house_for_sale_park_view_city_lahore-54721131-1466-1.html
Lahore,Prime Location 1 Kanal House For Sale In DHA Phase 7 - Block X Lahore,PKR 10.5 Crore,"DHA Phase 7 - Block X, DHA Phase 7",5,6,1 Kanal,Added: 6 hours ago,https://www.zameen.com/Property/dha_phase_7_dha_phase_7_-_block_x_prime_location_1_kanal_house_for_sale_in_dha_phase_7_-_block_x_lahore-54727870-1631-1.html
Lahore,Prime Location House For Grabs In 1 Kanal Lahore,PKR 11.4 Crore,"Askari 10 - Sector D, Askari 10",5,6,1 Kanal,Added: 6 hours ago,https://www.zameen.com/Property/askari_10_askari_10_-_sector_d_prime_location_house_for_grabs_in_1_kanal_lahore-54776215-9435-1.html
Lahore,"5 Marla Brand New Modern Design Lavish House For Sale In Park View City Lahore | For Discounted Price And Original Pictures Download The App ""Signature Lands"".",PKR 2.2 Crore,"Park View City - Overseas Block, Park View City",4,4,5 Marla,Added: 2 hours ago,https://www.zameen.com/Property/park_view_city_park_view_city_-_overseas_block_5_marla_brand_new_modern_design_lavish_house_for_sale_in_park_view_city_lahore_for_discounted_price_and_original_pictures_download_the_app_signature_lands-54014495-17602-1.html
Lahore,10 Marla Modern Beautiful Like-New House For Sale In DHA Lahore Phase 7,PKR 4.9 Crore,"DHA Phase 7, DHA Defence",4,5,10 Marla,Added: 3 hours ago,https://www.zameen.com/Property/dha_defence_dha_phase_7_10_marla_modern_beautiful_like-new_house_for_sale_in_dha_lahore_phase_7-54648639-1450-1.html
Lahore,3 Years Installment Plan Luxury 1.5 Storey 5 Marla Brand New House In Park View City Lahore,PKR 1.5 Crore,"Park View City, Lahore",3,2,5 Marla,Added: 57 minutes ago,https://www.zameen.com/Property/lahore_park_view_city_3_years_installment_plan_luxury_1_5_storey_5_marla_brand_new_house_in_park_view_city_lahore-54517122-1466-1.html
Lahore,5 Marla House In Jade Extension Block Parkview City Lahore | Ready To Move,PKR 2.4 Crore,"Park View City - Jade Extension Block, Park View City",4,4,5 Marla,Added: 59 minutes ago,https://www.zameen.com/Property/park_view_city_park_view_city_-_jade_extension_block_5_marla_house_in_jade_extension_block_parkview_city_lahore_ready_to_move-54709822-16242-1.html
Lahore,1 Kanal Fully Furnished Bungalow for Sale in Valencia Town,PKR 7.5 Crore,"Valencia Housing Society, Lahore",5,6,1 Kanal,Added: 1 hour ago,https://www.zameen.com/Property/lahore_valencia_housing_society_1_kanal_fully_furnished_bungalow_for_sale_in_valencia_town-54113548-373-1.html
Lahore,"2 Kanal Owner-Built Bungalow For Sale Valancia Town, Lahore",PKR 9 Crore,"Valencia Housing Society, Lahore",4,7,2 Kanal,Added: 1 hour ago,https://www.zameen.com/Property/lahore_valencia_housing_society_2_kanal_owner-built_bungalow_for_sale_valancia_town_lahore-53868569-373-1.html
Lahore,House For sale In Beautiful DHA 11 Rahbar,PKR 3.25 Crore,"DHA 11 Rahbar, Lahore",3,4,5 Marla,Added: 1 hour ago,https://www.zameen.com/Property/lahore_dha_11_rahbar_house_for_sale_in_beautiful_dha_11_rahbar-54630939-1410-1.html
Lahore,1 KANAL BRAND NEW IDEAL LOCATED FULLY FURNISHED HOUSE FOR SALE IN DHA LAHORE,PKR 9 Crore,"DHA Phase 6, DHA Defence",5,6,1 Kanal,Added: 29 minutes ago,https://www.zameen.com/Property/dha_defence_dha_phase_6_1_kanal_brand_new_ideal_located_fully_furnished_house_for_sale_in_dha_lahore-54766755-1448-1.html
Lahore,Ultra Moodern Design 10 Marla House For Sale,PKR 4.25 Crore,"Lake City Meadows, Lahore",4,5,10 Marla,Added: 31 minutes ago,https://www.zameen.com/Property/lahore_lake_city_meadows_ultra_moodern_design_10_marla_house_for_sale-54179541-487-1.html
Lahore,2 Kanal Brand New Faisal Rasool Design Available For Sale On Top Notch Location Of DHA Phase 1,PKR 35 Crore,"DHA Phase 1, DHA Defence",5,6,2 Kanal,Added: 31 minutes ago,https://www.zameen.com/Property/dha_defence_dha_phase_1_2_kanal_brand_new_faisal_rasool_design_available_for_sale_on_top_notch_location_of_dha_phase_1-54075378-1442-1.html
Lahore,Near park 10 Marla Modern House For Sale at Prime Location,PKR 6.1 Crore,"DHA Phase 6 - Block D, DHA Phase 6",4,5,10 Marla,Added: 31 minutes ago,https://www.zameen.com/Property/dha_phase_6_dha_phase_6_-_block_d_near_park_10_marla_modern_house_for_sale_at_prime_location-52420037-1613-1.html
Lahore,1 Kanal Adorable Bungalow On Top Location For Sale In DHA Phase 7 Lahore,PKR 8.9 Crore,"DHA Phase 7, DHA Defence",5,6,1 Kanal,Added: 31 minutes ago,https://www.zameen.com/Property/dha_defence_dha_phase_7_1_kanal_adorable_bungalow_on_top_location_for_sale_in_dha_phase_7_lahore-52861317-1450-1.html
Lahore,1 Kanal Modern House Near Mosque And Park,PKR 9.5 Crore,"DHA Phase 5 - Block D, DHA Phase 5",5,6,1 Kanal,Added: 32 minutes ago,https://www.zameen.com/Property/dha_phase_5_dha_phase_5_-_block_d_1_kanal_modern_house_near_mosque_and_park-54256283-1601-1.html
Lahore,1 Kanal Modern House Near Mosque and Park,PKR 11.5 Crore,"DHA Phase 6 - Block K, DHA Phase 6",5,6,1 Kanal,Added: 33 minutes ago,https://www.zameen.com/Property/dha_phase_6_dha_phase_6_-_block_k_1_kanal_modern_house_near_mosque_and_park-54256277-1619-1.html
Lahore,1 Kanal Top Quality Build Luxurious Beautiful Modern Design Villa With Basement For Sale In DHA Lahore Phase 6 Prime Location,PKR 9.15 Crore,"DHA Phase 6 - Block D, DHA Phase 6",5,6,1 Kanal,Added: 33 minutes ago,https://www.zameen.com/Property/dha_phase_6_dha_phase_6_-_block_d_1_kanal_top_quality_build_luxurious_beautiful_modern_design_villa_with_basement_for_sale_in_dha_lahore_phase_6_prime_location-54766638-1613-1.html
