category,question,answer
Buying Process,How do I book a property?,"A property is booked by paying a token/booking amount (usually 10-25% of the total price) to confirm your interest, after which a booking agreement or receipt is issued. The remaining amount is paid as per the agreed payment plan or in full at the time of registry."
Buying Process,What documents are required to buy a property?,"You typically need a valid CNIC, proof of income or bank statement (if applying for financing), and for the seller's side, the original title/ownership documents, NOC (No Objection Certificate) from the relevant authority, and tax records."
Buying Process,How long does the registry process take?,"Registry (transfer of ownership) usually takes 2 to 6 weeks after full payment, depending on the housing authority or society and whether all documents are in order."
Buying Process,What is the difference between possession and registry?,"Possession means physically taking control of the property (getting the keys), while registry is the legal transfer of ownership in official records. Possession can sometimes happen before registry is fully completed, depending on the developer's policy."
Buying Process,Can I visit the property before booking?,"Yes, a property visit can always be scheduled before booking so you can inspect the property, verify its condition, and confirm the location matches your requirements."
Payment & Financing,What payment plans are available?,"Payment plans vary by project — most offer a down payment (usually 10-30%) followed by monthly or quarterly installments over 1 to 5 years, with the balance due at possession. Exact plans depend on the specific project or developer."
Payment & Financing,Is bank financing or home loan available?,"Many banks in Pakistan offer home financing (e.g. through Meezan Bank, HBL, UBL), typically covering 60-85% of the property value, subject to the bank's own eligibility and approval process. We can guide you toward a suitable option but final approval is the bank's decision."
Payment & Financing,What happens if I miss an installment?,"Missing an installment usually results in a late payment fee, and repeated missed payments can lead to cancellation of the booking as per the developer's policy — it's best to inform the developer/agent in advance if a delay is expected."
Payment & Financing,Are there any hidden charges besides the property price?,"Additional costs typically include registration/transfer fee, stamp duty, possession charges, and sometimes a membership or maintenance deposit — these vary by society and should be confirmed for the specific property."
Trust & Verification,How do I know this property is genuine and not a scam?,"Every property listed is verified against the housing authority's records before being shown to clients, and ownership documents are checked prior to booking. You are also welcome to verify documents independently before finalizing."
Trust & Verification,Is the society/project legally approved?,"Legal approval status (NOC, development approval) differs by project — this can be confirmed for the specific property or society you're interested in, and we recommend verifying NOC status before final payment."
Trust & Verification,Can I get a lawyer to review the documents?,"Yes, you are always welcome to have your own lawyer review the sale agreement and title documents before signing — this is a normal and encouraged part of the buying process."
Renting,What is required to rent a property?,"Renting typically requires a security deposit (usually equal to 1-2 months' rent), advance rent payment, a copy of your CNIC, and signing a tenancy agreement."
Renting,Is the security deposit refundable?,"Yes, the security deposit is refundable at the end of the tenancy, provided there is no damage to the property beyond normal wear and tear and all dues are cleared."
Renting,Can the rent be negotiated?,"Rent is often somewhat negotiable depending on the landlord and how long the property has been vacant — feel free to make an offer and we can check with the landlord."
Investment,Is this property a good investment?,"Investment suitability depends on your budget, goals (rental income vs. capital appreciation), and the location's growth trend — we can share the area's recent price trends and rental yield to help you decide."
Investment,What is the expected rental yield in this area?,"Rental yields vary by city and society, generally ranging between 3-6% annually in most urban areas of Pakistan — exact figures depend on the specific property and can be shared on request."
Investment,Is this a good time to invest or should I wait?,"Market timing depends on your financial goals and the specific area's trends — property prices in well-developed societies have historically appreciated over the medium to long term, but we recommend basing your decision on your own budget and needs rather than short-term speculation."
Maintenance,Who handles maintenance after possession?,"Maintenance responsibility depends on the society — most housing authorities and private societies charge a monthly or annual maintenance fee in exchange for services like security, cleanliness, and common area upkeep."
Maintenance,What is the monthly maintenance charge?,"Maintenance charges vary by society and property size — this can be confirmed for the specific property you're interested in."
Appointments,How do I reschedule or cancel a visit?,"A scheduled visit can be rescheduled or cancelled anytime by informing us in advance — we'll update the calendar and notify the assigned agent accordingly."
Appointments,Will someone be available to show me the property in person?,"Yes, a dedicated agent is assigned to accompany you during the property visit at the scheduled time to answer any on-site questions."
